INSERT INTO public.users (id, login, user_password, phone_number, email, created, changed, is_deleted)
VALUES (12, 'mark12', '$2a$06$mxAH2mTXNF7cmHGb6Oww6ehHFJQ0jK8oKTG44g1q3ofrNXy6nXYf2', '+375298882012',
        'mark_12@gmail.com', '2023-05-26 20:52:54.029503', '2023-05-26 20:52:54.029503', false);
INSERT INTO public.users (id, login, user_password, phone_number, email, created, changed, is_deleted)
VALUES (13, 'sasha13', '$2a$06$915/iOVJtmEb0Jqro4dnROFQ35lcQon8vfUopVJMezk6JOzlQOmsy', '+375298882013',
        'sasha_13@gmail.com', '2023-05-26 20:54:39.499241', '2023-05-26 20:54:39.499241', false);
INSERT INTO public.users (id, login, user_password, phone_number, email, created, changed, is_deleted)
VALUES (14, 'roman14', '$2a$06$IGrCnt8r5b1uo97i9mtAZ..VNEIglN5F3K/Zk3RKDBQWBGDrXEvZa', '+375298882014',
        'roman_14@gmail.com', '2023-05-26 20:55:31.056632', '2023-05-26 20:55:31.056632', false);
INSERT INTO public.users (id, login, user_password, phone_number, email, created, changed, is_deleted)
VALUES (15, 'alexey15', '$2a$06$0VjYSARpyx3BoBxpLTgWVuybvxrp9tQbwxSFyNzJ45.Y9ioe/14Hi', '+375298882015',
        'alexey_15@gmail.com', '2023-05-26 20:56:05.019883', '2023-05-26 20:56:05.019883', false);
INSERT INTO public.users (id, login, user_password, phone_number, email, created, changed, is_deleted)
VALUES (16, 'ignat16', '$2a$06$/WPVlysypjRNITNlWhXuGucr1bPpnUUThop3OmZRMxpSQUGSsAepC', '+375298882016',
        'ignat_16@gmail.com', '2023-05-26 20:56:38.402719', '2023-05-26 20:56:38.402719', false);
INSERT INTO public.users (id, login, user_password, phone_number, email, created, changed, is_deleted)
VALUES (17, 'bob17', '$2a$06$Mg9.8n/Tdg8Jo5wPxiMCOelEecu4BRK19Pt7hPiwl7n697Eo27rem', '+375298882017',
        'bob_17@gmail.com', '2023-05-26 20:57:19.684231', '2023-05-26 20:57:19.684231', false);
INSERT INTO public.users (id, login, user_password, phone_number, email, created, changed, is_deleted)
VALUES (18, 'jack18', '$2a$06$YiRTfQrFlRPpFebJgoQwUub.f5sFUmoK8l4dZRjZjugoPeX/J3nkW', '+375298882018',
        'jack_18@gmail.com', '2023-05-26 20:58:18.956696', '2023-05-26 20:58:18.956696', false);
INSERT INTO public.users (id, login, user_password, phone_number, email, created, changed, is_deleted)
VALUES (19, 'oscar19', '$2a$06$MjDEFlDVQk/yTMt5mkC/YeJE3POCj2IH3.LZxW4d7luuUHgs4oqKC', '+375298882019',
        'oscar_19@gmail.com', '2023-05-26 20:58:49.990089', '2023-05-26 20:58:49.991088', false);
INSERT INTO public.users (id, login, user_password, phone_number, email, created, changed, is_deleted)
VALUES (20, 'agata120', '$2a$06$KrOBcbyE.qYEJ40JdNN.yO15JzMxkAXHZ2fq0BMbltTLa.7y71bMi', '+375298882020',
        'agata_20@gmail.com', '2023-05-26 20:59:50.679193', '2023-05-26 20:59:50.679193', false);
INSERT INTO public.users (id, login, user_password, phone_number, email, created, changed, is_deleted)
VALUES (21, 'vera21', '$2a$06$C1dZaWzjZwt31X33F3V0cuj8rRLY3TeLwwyTrD0uDVyU.xCex5zTi', '+375298882021',
        'vera_21@gmail.com', '2023-05-26 22:19:26.779597', '2023-05-26 22:19:26.779597', false);
INSERT INTO public.users (id, login, user_password, phone_number, email, created, changed, is_deleted)
VALUES (22, 'rita22', '$2a$06$N6pJu35C7LEuKpRkCWataei.BRzAvz6y.1.2/37g/KrO67Dc.JbK6', '+375298882022',
        'vera_22@gmail.com', '2023-05-26 22:19:59.820563', '2023-05-26 22:19:59.820563', false);
INSERT INTO public.users (id, login, user_password, phone_number, email, created, changed, is_deleted)
VALUES (23, 'margarita23', '$2a$06$q2yI/E8xt3ndVc9eKRYzPumVknDkIwsUHDsM4Vgm6YuHZaaiwQP0G', '+375298882023',
        'margarita_23@gmail.com', '2023-05-26 22:20:28.313733', '2023-05-26 22:20:28.313733', false);
INSERT INTO public.users (id, login, user_password, phone_number, email, created, changed, is_deleted)
VALUES (24, 'vika24', '$2a$06$CgiyQMxrnZFAckTsHYa/fulix33TBKLl1AKdHJg17ToiO.Iq6PyN.', '+375298882024',
        'vika_24@gmail.com', '2023-05-26 22:21:13.584011', '2023-05-26 22:21:13.584011', false);
INSERT INTO public.users (id, login, user_password, phone_number, email, created, changed, is_deleted)
VALUES (25, 'olya25', '$2a$06$BMRDitSFmQEi/G4IuVOWNeRjHsHkCXHkk6hg71bhD517GvbghzKhu', '+375298882025',
        'olya_25@gmail.com', '2023-05-26 22:21:37.369748', '2023-05-26 22:21:37.369748', false);
INSERT INTO public.users (id, login, user_password, phone_number, email, created, changed, is_deleted)
VALUES (26, 'katya26', '$2a$06$IkTT63/VIw.DwqgfAlkQkeMS9sdmNtg8Zpn1McSyVbCgiWA0OE8/K', '+375298882026',
        'katya_26@gmail.com', '2023-05-26 22:22:01.756322', '2023-05-26 22:22:01.756322', false);
INSERT INTO public.users (id, login, user_password, phone_number, email, created, changed, is_deleted)
VALUES (27, 'katya27', '$2a$06$oM8nh2tmVvy0Hv58Dvzy/u7b8yqWDEoQe3BwY4zSDNiUJ.HvjSI9.', '+375298882027',
        'katya_27@gmail.com', '2023-05-26 22:22:11.845012', '2023-05-26 22:22:11.845012', false);
INSERT INTO public.users (id, login, user_password, phone_number, email, created, changed, is_deleted)
VALUES (28, 'katya28', '$2a$06$HFj8AZpas3Pawc7VNPZeiOM3C8K39dne8W3FUCTZNNOr33r2fRDGy', '+375298882028',
        'katya_28@gmail.com', '2023-05-26 22:22:23.361972', '2023-05-26 22:22:23.361972', false);
INSERT INTO public.users (id, login, user_password, phone_number, email, created, changed, is_deleted)
VALUES (29, 'ira29', '$2a$06$/Gvl5k9jAWoi.nFFWtC3z.jYE/u1XtRoUQuDiPY89FB.2BGL4PTN.', '+375298882029',
        'ira_29@gmail.com', '2023-05-26 22:22:44.297808', '2023-05-26 22:22:44.297808', false);
INSERT INTO public.users (id, login, user_password, phone_number, email, created, changed, is_deleted)
VALUES (30, 'ira30', '$2a$06$Z8XQJ/kdKR5Xggf0dshoA.jzUmyqpSYJxoosmFQHX0V7RYamVNu6e', '+375298882030',
        'ira_30@gmail.com', '2023-05-26 22:22:55.314970', '2023-05-26 22:22:55.314970', false);
INSERT INTO public.users (id, login, user_password, phone_number, email, created, changed, is_deleted)
VALUES (31, 'ira31', '$2a$06$09AToyOkwJR/LrQZFNZaSenbcGpSR4xgdUecM7KfOw5n1qVAZSjhO', '+375298882031',
        'ira_31@gmail.com', '2023-05-26 22:23:06.005321', '2023-05-26 22:23:06.005321', false);
INSERT INTO public.users (id, login, user_password, phone_number, email, created, changed, is_deleted)
VALUES (32, 'irina32', '$2a$06$nb3vNa04TPgbscAoGX/2i.RmWjFHh6/oRKePPctMJJioL6yYksBuS', '+375298882032',
        'irina_32@gmail.com', '2023-05-26 22:23:22.214245', '2023-05-26 22:23:22.214245', false);
INSERT INTO public.users (id, login, user_password, phone_number, email, created, changed, is_deleted)
VALUES (33, 'irina33', '$2a$06$CNdBbmsg/7Q0CS1GxL37k.IomDzEENf11fSGPFOFEz17BYfAVq8ZO', '+375298882033',
        'irina_33@gmail.com', '2023-05-26 22:23:32.699872', '2023-05-26 22:23:32.699872', false);
INSERT INTO public.users (id, login, user_password, phone_number, email, created, changed, is_deleted)
VALUES (34, 'Mark01', '$2a$06$E/LcrVxG4PARx.2eCyCV.OTiDIV5LV/N8cWOaOVZHmB0ghWW5Krde', '+375298882001',
        'mark_admin01@gmail.com', '2023-05-26 22:48:07.226920', '2023-05-26 22:48:07.226920', false);
INSERT INTO public.users (id, login, user_password, phone_number, email, created, changed, is_deleted)
VALUES (35, 'Mark02', '$2a$06$o/PCOdJSsDV9Cing7mdLXOpgZWS/p3SBel0dIo2mYGzrryT7WCIFi', '+375298882002',
        'mark_moderator02@gmail.com', '2023-05-26 22:48:30.306998', '2023-05-26 22:48:30.306998', false);
INSERT INTO public.users (id, login, user_password, phone_number, email, created, changed, is_deleted)
VALUES (36, 'Mark03', '$2a$06$qtfs8zsokuPW1Ab5H/LfsOSerF7VApXEGriUtRSdCauIYoM.FQkGO', '+375298882003',
        'mark_moderator03@gmail.com', '2023-05-26 22:48:42.084138', '2023-05-26 22:48:42.084138', false);
INSERT INTO public.users (id, login, user_password, phone_number, email, created, changed, is_deleted)
VALUES (37, 'Mark04', '$2a$06$PHCeFqtfgrke2PZEL3zhF.H2BDl/p62bA7xAZETc9p9JDJFvlwPFC', '+375298882004',
        'mark_moderator04@gmail.com', '2023-05-26 22:48:55.529717', '2023-05-26 22:48:55.530712', false);

INSERT INTO public.personal_doc (id, passport_series, passport_number, created, changed, expiration_date, user_id,
                                 identification_no)
VALUES (1, 'KH', 1432567, '2023-05-26 21:20:48.000000', '2023-05-26 21:20:49.000000', '2030-05-26 21:20:54.000000', 12,
        '7637905A001PB6');
INSERT INTO public.personal_doc (id, passport_series, passport_number, created, changed, expiration_date, user_id,
                                 identification_no)
VALUES (2, 'KH', 6785098, '2023-05-26 21:30:10.000000', '2023-05-26 21:30:10.000000', '2033-05-26 21:30:10.000000', 13,
        '7237905A001PB8');
INSERT INTO public.personal_doc (id, passport_series, passport_number, created, changed, expiration_date, user_id,
                                 identification_no)
VALUES (3, 'KH', 7210712, '2023-05-26 21:34:37.000000', '2023-05-26 21:34:38.000000', '2034-05-26 21:32:37.000000', 14,
        '1437905A001PB6');
INSERT INTO public.personal_doc (id, passport_series, passport_number, created, changed, expiration_date, user_id,
                                 identification_no)
VALUES (4, 'PP', 1145670, '2023-05-26 21:34:40.000000', '2023-05-26 21:34:41.000000', '2028-05-26 21:32:43.000000', 15,
        '7157905A001PB6');
INSERT INTO public.personal_doc (id, passport_series, passport_number, created, changed, expiration_date, user_id,
                                 identification_no)
VALUES (5, 'KH', 1278455, '2023-05-26 21:34:42.000000', '2023-05-26 21:34:43.000000', '2037-06-26 21:32:49.000000', 16,
        '7690905A001PB8');
INSERT INTO public.personal_doc (id, passport_series, passport_number, created, changed, expiration_date, user_id,
                                 identification_no)
VALUES (6, 'PP', 1789023, '2023-05-26 21:34:44.000000', '2023-05-26 21:34:45.000000', '2036-09-26 21:32:57.000000', 17,
        '7637968A001PB6');
INSERT INTO public.personal_doc (id, passport_series, passport_number, created, changed, expiration_date, user_id,
                                 identification_no)
VALUES (7, 'KH', 1234765, '2023-05-26 21:34:47.000000', '2023-05-26 21:34:47.000000', '2049-12-27 21:33:03.000000', 18,
        '1137905A001PB5');
INSERT INTO public.personal_doc (id, passport_series, passport_number, created, changed, expiration_date, user_id,
                                 identification_no)
VALUES (8, 'PP', 4099876, '2023-05-26 21:34:49.000000', '2023-05-26 21:34:50.000000', '2025-05-26 21:33:22.000000', 19,
        '4537905A001PB6');
INSERT INTO public.personal_doc (id, passport_series, passport_number, created, changed, expiration_date, user_id,
                                 identification_no)
VALUES (9, 'KH', 2538554, '2023-05-26 21:34:51.000000', '2023-05-26 21:34:52.000000', '2024-05-26 21:33:34.000000', 20,
        '9937905A001PB4');
INSERT INTO public.personal_doc (id, passport_series, passport_number, created, changed, expiration_date, user_id,
                                 identification_no)
VALUES (22, 'KH', 2745495, '2023-05-26 22:28:36.000000', '2023-05-26 22:28:37.000000', '2029-05-26 22:29:10.000000', 21,
        '9369857A001PB4');
INSERT INTO public.personal_doc (id, passport_series, passport_number, created, changed, expiration_date, user_id,
                                 identification_no)
VALUES (23, 'KH', 1968381, '2023-05-26 22:28:40.000000', '2023-05-26 22:28:40.000000', '2031-05-28 22:29:14.000000', 22,
        '4495195A056PB4');
INSERT INTO public.personal_doc (id, passport_series, passport_number, created, changed, expiration_date, user_id,
                                 identification_no)
VALUES (24, 'KH', 7927319, '2023-05-26 22:28:41.000000', '2023-05-26 22:28:42.000000', '2037-05-26 22:29:19.000000', 23,
        '9447822A056PB4');
INSERT INTO public.personal_doc (id, passport_series, passport_number, created, changed, expiration_date, user_id,
                                 identification_no)
VALUES (25, 'KH', 7182436, '2023-05-26 22:28:44.000000', '2023-05-26 22:28:44.000000', '2032-08-26 22:29:21.000000', 24,
        '2796277A056PB4');
INSERT INTO public.personal_doc (id, passport_series, passport_number, created, changed, expiration_date, user_id,
                                 identification_no)
VALUES (26, 'KH', 4029842, '2023-05-26 22:28:46.000000', '2023-05-26 22:28:47.000000', '2029-11-26 22:31:26.000000', 25,
        '8151080A056PB4');
INSERT INTO public.personal_doc (id, passport_series, passport_number, created, changed, expiration_date, user_id,
                                 identification_no)
VALUES (27, 'KH', 6265397, '2023-05-26 22:28:48.000000', '2023-05-26 22:28:48.000000', '2048-11-26 22:29:32.000000', 26,
        '9395973A056PB4');
INSERT INTO public.personal_doc (id, passport_series, passport_number, created, changed, expiration_date, user_id,
                                 identification_no)
VALUES (28, 'KH', 4945909, '2023-05-26 22:28:49.000000', '2023-05-26 22:28:50.000000', '2052-05-26 22:29:38.000000', 27,
        '2560024A056PB4');
INSERT INTO public.personal_doc (id, passport_series, passport_number, created, changed, expiration_date, user_id,
                                 identification_no)
VALUES (29, 'KH', 2266405, '2023-05-26 22:28:51.000000', '2023-05-26 22:28:52.000000', '2029-05-29 22:30:09.000000', 28,
        '0437562A056PB4');
INSERT INTO public.personal_doc (id, passport_series, passport_number, created, changed, expiration_date, user_id,
                                 identification_no)
VALUES (30, 'KH', 2308430, '2023-05-26 22:28:53.000000', '2023-05-26 22:28:54.000000', '2060-05-13 22:30:17.000000', 29,
        '8780887A056PB4');
INSERT INTO public.personal_doc (id, passport_series, passport_number, created, changed, expiration_date, user_id,
                                 identification_no)
VALUES (31, 'KH', 7611152, '2023-05-26 22:28:55.000000', '2023-05-26 22:28:55.000000', '2041-05-26 22:30:23.000000', 30,
        '2495510A058PB3');
INSERT INTO public.personal_doc (id, passport_series, passport_number, created, changed, expiration_date, user_id,
                                 identification_no)
VALUES (32, 'KH', 3368115, '2023-05-26 22:28:56.000000', '2023-05-26 22:28:57.000000', '2030-05-26 22:30:28.000000', 31,
        '2495510A567PB3');
INSERT INTO public.personal_doc (id, passport_series, passport_number, created, changed, expiration_date, user_id,
                                 identification_no)
VALUES (33, 'KH', 3940911, '2023-05-26 22:28:58.000000', '2023-05-26 22:28:59.000000', '2024-11-30 22:30:31.000000', 32,
        '2495510A058PB1');
INSERT INTO public.personal_doc (id, passport_series, passport_number, created, changed, expiration_date, user_id,
                                 identification_no)
VALUES (34, 'KH', 4482242, '2023-05-26 22:29:00.000000', '2023-05-26 22:29:01.000000', '2034-05-26 22:30:38.000000', 33,
        '2495510A900PB3');
INSERT INTO public.personal_doc (id, passport_series, passport_number, created, changed, expiration_date, user_id,
                                 identification_no)
VALUES (35, 'KH', 4482907, '2023-05-26 22:50:20.000000', '2023-05-26 22:50:20.000000', '2055-05-26 22:50:26.000000', 34,
        '2447510A900PB5');
INSERT INTO public.personal_doc (id, passport_series, passport_number, created, changed, expiration_date, user_id,
                                 identification_no)
VALUES (36, 'KH', 4482278, '2023-05-26 22:50:21.000000', '2023-05-26 22:50:22.000000', '2069-05-26 22:50:31.000000', 35,
        '2492210A900PB5');
INSERT INTO public.personal_doc (id, passport_series, passport_number, created, changed, expiration_date, user_id,
                                 identification_no)
VALUES (37, 'KH', 4482225, '2023-05-26 22:50:23.000000', '2023-05-26 22:50:23.000000', '2060-05-26 22:50:36.000000', 36,
        '2495510A900PB2');
INSERT INTO public.personal_doc (id, passport_series, passport_number, created, changed, expiration_date, user_id,
                                 identification_no)
VALUES (38, 'KH', 4482241, '2023-05-26 22:50:24.000000', '2023-05-26 22:50:25.000000', '2114-05-26 22:50:40.000000', 37,
        '2495510A900PB5');

INSERT INTO public.roles (id, role_name, user_id, created, changed)
VALUES (5, 'ROLE_USER', 12, '2023-05-26 21:01:33.000000', '2023-05-26 21:01:33.000000');
INSERT INTO public.roles (id, role_name, user_id, created, changed)
VALUES (6, 'ROLE_USER', 13, '2023-05-26 21:01:45.000000', '2023-05-26 21:01:46.000000');
INSERT INTO public.roles (id, role_name, user_id, created, changed)
VALUES (7, 'ROLE_USER', 14, '2023-05-26 21:02:01.000000', '2023-05-26 21:02:01.000000');
INSERT INTO public.roles (id, role_name, user_id, created, changed)
VALUES (11, 'ROLE_USER', 18, '2023-05-26 21:06:07.000000', '2023-05-26 21:06:07.000000');
INSERT INTO public.roles (id, role_name, user_id, created, changed)
VALUES (10, 'ROLE_USER', 17, '2023-05-26 21:05:45.000000', '2023-05-26 21:05:45.000000');
INSERT INTO public.roles (id, role_name, user_id, created, changed)
VALUES (9, 'ROLE_USER', 16, '2023-05-26 21:04:20.000000', '2023-05-26 21:04:20.000000');
INSERT INTO public.roles (id, role_name, user_id, created, changed)
VALUES (8, 'ROLE_USER', 15, '2023-05-26 21:02:27.000000', '2023-05-26 21:02:27.000000');
INSERT INTO public.roles (id, role_name, user_id, created, changed)
VALUES (12, 'ROLE_USER', 19, '2023-05-26 22:45:53.000000', '2023-05-26 22:45:54.000000');
INSERT INTO public.roles (id, role_name, user_id, created, changed)
VALUES (13, 'ROLE_USER', 20, '2023-05-26 22:45:55.000000', '2023-05-26 22:45:56.000000');
INSERT INTO public.roles (id, role_name, user_id, created, changed)
VALUES (14, 'ROLE_USER', 21, '2023-05-26 22:45:56.000000', '2023-05-26 22:45:57.000000');
INSERT INTO public.roles (id, role_name, user_id, created, changed)
VALUES (15, 'ROLE_USER', 22, '2023-05-26 22:45:58.000000', '2023-05-26 22:45:58.000000');
INSERT INTO public.roles (id, role_name, user_id, created, changed)
VALUES (16, 'ROLE_USER', 23, '2023-05-26 22:46:01.000000', '2023-05-26 22:46:00.000000');
INSERT INTO public.roles (id, role_name, user_id, created, changed)
VALUES (17, 'ROLE_USER', 24, '2023-05-26 22:46:01.000000', '2023-05-26 22:46:03.000000');
INSERT INTO public.roles (id, role_name, user_id, created, changed)
VALUES (18, 'ROLE_USER', 25, '2023-05-26 22:46:04.000000', '2023-05-26 22:46:05.000000');
INSERT INTO public.roles (id, role_name, user_id, created, changed)
VALUES (19, 'ROLE_USER', 26, '2023-05-26 22:46:06.000000', '2023-05-26 22:46:06.000000');
INSERT INTO public.roles (id, role_name, user_id, created, changed)
VALUES (20, 'ROLE_USER', 27, '2023-05-26 22:46:08.000000', '2023-05-26 22:46:09.000000');
INSERT INTO public.roles (id, role_name, user_id, created, changed)
VALUES (21, 'ROLE_USER', 28, '2023-05-26 22:46:10.000000', '2023-05-26 22:46:10.000000');
INSERT INTO public.roles (id, role_name, user_id, created, changed)
VALUES (22, 'ROLE_USER', 29, '2023-05-26 22:46:11.000000', '2023-05-26 22:46:12.000000');
INSERT INTO public.roles (id, role_name, user_id, created, changed)
VALUES (23, 'ROLE_USER', 30, '2023-05-26 22:46:13.000000', '2023-05-26 22:46:13.000000');
INSERT INTO public.roles (id, role_name, user_id, created, changed)
VALUES (24, 'ROLE_USER', 31, '2023-05-26 22:46:14.000000', '2023-05-26 22:46:15.000000');
INSERT INTO public.roles (id, role_name, user_id, created, changed)
VALUES (25, 'ROLE_USER', 32, '2023-05-26 22:46:16.000000', '2023-05-26 22:46:16.000000');
INSERT INTO public.roles (id, role_name, user_id, created, changed)
VALUES (26, 'ROLE_USER', 33, '2023-05-26 22:46:17.000000', '2023-05-26 22:46:18.000000');

INSERT INTO public.specializations (id, name, created, changed, is_deleted)
VALUES (2, 'dentis', '2023-05-26 21:16:36.000000', '2023-05-26 21:16:37.000000', false);
INSERT INTO public.specializations (id, name, created, changed, is_deleted)
VALUES (3, 'surgeon', '2023-05-26 21:16:55.000000', '2023-05-26 21:16:55.000000', false);
INSERT INTO public.specializations (id, name, created, changed, is_deleted)
VALUES (4, 'urologist', '2023-05-26 21:17:13.000000', '2023-05-26 21:17:14.000000', false);
INSERT INTO public.specializations (id, name, created, changed, is_deleted)
VALUES (5, 'neurologist', '2023-05-26 21:17:31.000000', '2023-05-26 21:17:32.000000', false);
INSERT INTO public.specializations (id, name, created, changed, is_deleted)
VALUES (6, 'psychiatrist ', '2023-05-26 21:17:45.000000', '2023-05-26 21:17:46.000000', false);
INSERT INTO public.specializations (id, name, created, changed, is_deleted)
VALUES (7, 'dermatologist ', '2023-05-26 21:17:58.000000', '2023-05-26 21:17:58.000000', false);
INSERT INTO public.specializations (id, name, created, changed, is_deleted)
VALUES (8, 'cardiologist ', '2023-05-26 21:18:06.000000', '2023-05-26 21:18:07.000000', false);
INSERT INTO public.specializations (id, name, created, changed, is_deleted)
VALUES (9, 'oncologist', '2023-05-26 21:18:16.000000', '2023-05-26 21:18:17.000000', false);
INSERT INTO public.specializations (id, name, created, changed, is_deleted)
VALUES (10, 'rheumatologist', '2023-05-26 21:18:26.000000', '2023-05-26 21:18:26.000000', false);
INSERT INTO public.specializations (id, name, created, changed, is_deleted)
VALUES (11, 'allergist', '2023-05-26 21:18:38.000000', '2023-05-26 21:18:38.000000', false);
INSERT INTO public.specializations (id, name, created, changed, is_deleted)
VALUES (12, 'sports medicine specialist', '2023-05-26 21:19:10.000000', '2023-05-26 21:19:11.000000', false);
INSERT INTO public.specializations (id, name, created, changed, is_deleted)
VALUES (13, 'neurosurgeon', '2023-05-26 21:19:24.000000', '2023-05-26 21:19:25.000000', false);
INSERT INTO public.specializations (id, name, created, changed, is_deleted)
VALUES (14, 'microbiologist', '2023-05-26 21:19:37.000000', '2023-05-26 21:19:38.000000', false);
INSERT INTO public.specializations (id, name, created, changed, is_deleted)
VALUES (15, 'hematologist', '2023-05-26 21:19:49.000000', '2023-05-26 21:19:49.000000', false);

INSERT INTO public.regions (id, number, address_range, created, is_deleted)
VALUES (1, 1, 'Sovetskaya Square - factory of the Dairy World street', '2023-05-22 18:41:54.000000', false);
INSERT INTO public.regions (id, number, address_range, created, is_deleted)
VALUES (2, 2, 'Olga Solomova Street - Folush', '2023-05-22 18:42:13.000000', false);
INSERT INTO public.regions (id, number, address_range, created, is_deleted)
VALUES (3, 3, 'Folush - Lisa Chaikina Street', '2023-05-22 18:42:23.000000', false);
INSERT INTO public.regions (id, number, address_range, created, is_deleted)
VALUES (4, 4, 'Lisa Chaikina Street - Decembrist Street', '2023-05-22 18:42:31.000000', false);
INSERT INTO public.regions (id, number, address_range, created, is_deleted)
VALUES (5, 5, 'Dekabristov Street-Popovich Street', '2023-05-22 18:42:43.000000', false);
INSERT INTO public.regions (id, number, address_range, created, is_deleted)
VALUES (6, 6, 'Popovich Street-Shoe factory', '2023-05-26 21:13:36.000000', false);
INSERT INTO public.regions (id, number, address_range, created, is_deleted)
VALUES (7, 7, 'Lenin Square - Eliza Ozheshko Street', '2023-05-26 21:14:56.000000', false);

INSERT INTO public.schedules (id, date, time_start, time_finish, created, changed, is_deleted)
VALUES (2, '2023-06-26 00:00:00.000000', '2023-06-26 10:00:00.000000', '2023-06-26 14:00:00.000000',
        '2023-05-26 21:37:29.000000', '2023-05-26 21:37:29.000000', false);
INSERT INTO public.schedules (id, date, time_start, time_finish, created, changed, is_deleted)
VALUES (3, '2023-06-26 00:00:00.000000', '2023-06-26 10:00:00.000000', '2023-06-26 20:00:00.000000',
        '2023-05-26 21:53:40.456212', '2023-05-26 21:53:40.456212', false);
INSERT INTO public.schedules (id, date, time_start, time_finish, created, changed, is_deleted)
VALUES (4, '2023-07-24 00:00:00.000000', '2023-07-24 16:00:00.000000', '2023-07-24 21:00:00.000000',
        '2023-05-26 21:56:38.428474', '2023-05-26 21:56:38.428474', false);
INSERT INTO public.schedules (id, date, time_start, time_finish, created, changed, is_deleted)
VALUES (5, '2023-07-24 00:00:00.000000', '1970-01-20 16:29:34.800000', '1970-01-20 16:29:45.600000',
        '2023-05-26 21:57:16.369941', '2023-05-26 21:57:16.369941', false);
INSERT INTO public.schedules (id, date, time_start, time_finish, created, changed, is_deleted)
VALUES (6, '2023-07-24 00:00:00.000000', '2023-07-24 19:00:00.000000', '2023-07-24 22:00:00.000000',
        '2023-05-26 21:57:47.200759', '2023-05-26 21:57:47.200759', false);
INSERT INTO public.schedules (id, date, time_start, time_finish, created, changed, is_deleted)
VALUES (7, '2023-07-24 00:00:00.000000', '1970-01-20 16:29:38.400000', '2023-07-24 09:00:00.000000',
        '2023-05-26 21:58:34.131054', '2023-05-26 21:58:34.131054', false);

INSERT INTO public.patients (card_number, name, surname, gender, birthday_data, address, created, changed, is_deleted,
                             id_user, region_number)
VALUES (1, 'Mark', 'Volkonovskij', 'MALE', '2023-05-26 22:00:22.000000', 'Bekhtereva str., 12 apartment 23',
        '2023-05-26 22:02:54.000000', '2023-05-26 22:02:54.000000', false, 12, 1);
INSERT INTO public.patients (card_number, name, surname, gender, birthday_data, address, created, changed, is_deleted,
                             id_user, region_number)
VALUES (2, 'Sasha', 'Williams', 'FEMALE', '2023-05-26 22:04:51.000000', 'Kazinets str., 6a apartment 87',
        '2023-05-26 22:05:08.000000', '2023-05-26 22:05:20.000000', false, 13, 1);
INSERT INTO public.patients (card_number, name, surname, gender, birthday_data, address, created, changed, is_deleted,
                             id_user, region_number)
VALUES (3, 'Roman', 'Peters', 'MALE', '2023-05-26 22:04:52.000000', 'Bekhterev Lane, 6/4 apartment 74',
        '2023-05-26 22:05:09.000000', '2023-05-26 22:05:21.000000', false, 14, 2);
INSERT INTO public.patients (card_number, name, surname, gender, birthday_data, address, created, changed, is_deleted,
                             id_user, region_number)
VALUES (4, 'Alexey', 'Gibson', 'MALE', '2023-05-26 22:04:56.000000', 'Dolgobrodskaya street, 29 apartment 13',
        '2023-05-26 22:05:10.000000', '2023-05-26 22:05:11.000000', false, 15, 3);
INSERT INTO public.patients (card_number, name, surname, gender, birthday_data, address, created, changed, is_deleted,
                             id_user, region_number)
VALUES (5, 'Ignat', 'Martin', 'MALE', '2023-05-26 22:04:57.000000', 'Vilenskaya street, 25B apartment 11',
        '2023-05-26 22:05:12.000000', '2023-05-26 22:05:12.000000', false, 16, 4);
INSERT INTO public.patients (card_number, name, surname, gender, birthday_data, address, created, changed, is_deleted,
                             id_user, region_number)
VALUES (6, 'Bob', 'Jordan', 'MALE', '2023-05-26 22:04:58.000000', 'Malaya Troitskaya street, 17 apartment 14',
        '2023-05-26 22:05:13.000000', '2023-05-26 22:05:14.000000', false, 17, 5);
INSERT INTO public.patients (card_number, name, surname, gender, birthday_data, address, created, changed, is_deleted,
                             id_user, region_number)
VALUES (7, 'Jack', 'Grant', 'MALE', '2023-05-26 22:05:00.000000', 'Lermontov Street, 10 apartment 34',
        '2023-05-26 22:05:15.000000', '2023-05-26 22:05:16.000000', false, 18, 6);
INSERT INTO public.patients (card_number, name, surname, gender, birthday_data, address, created, changed, is_deleted,
                             id_user, region_number)
VALUES (8, 'Oscar', 'Davis', 'MALE', '2023-05-26 22:05:02.000000', 'Zernova street, 3 apartment 90',
        '2023-05-26 22:05:17.000000', '2023-05-26 22:05:17.000000', false, 19, 7);
INSERT INTO public.patients (card_number, name, surname, gender, birthday_data, address, created, changed, is_deleted,
                             id_user, region_number)
VALUES (9, 'Agata', 'Barlow', 'FEMALE', '2023-05-26 22:05:05.000000', 'Belinsky street, 5A apartment 120',
        '2023-05-26 22:05:19.000000', '2023-05-26 22:05:19.000000', false, 20, 7);

INSERT INTO public.doctors (id, name, surname, office, id_user, id_specialization, created, changed, is_deleted,
                            region_number)
VALUES (2, 'Vera', 'Evans ', '134a', 21, 2, '2023-05-26 22:41:49.000000', '2023-05-26 22:41:50.000000', false, 1);
INSERT INTO public.doctors (id, name, surname, office, id_user, id_specialization, created, changed, is_deleted,
                            region_number)
VALUES (3, 'Rita', 'Stone ', '34', 22, 3, '2023-05-26 22:41:51.000000', '2023-05-26 22:41:52.000000', false, 2);
INSERT INTO public.doctors (id, name, surname, office, id_user, id_specialization, created, changed, is_deleted,
                            region_number)
VALUES (4, 'Margarita', 'Roberts ', '78', 23, 4, '2023-05-26 22:41:53.000000', '2023-05-26 22:41:53.000000', false, 3);
INSERT INTO public.doctors (id, name, surname, office, id_user, id_specialization, created, changed, is_deleted,
                            region_number)
VALUES (5, 'Vika', 'Mills ', '567', 24, 5, '2023-05-26 22:41:54.000000', '2023-05-26 22:41:54.000000', false, 4);
INSERT INTO public.doctors (id, name, surname, office, id_user, id_specialization, created, changed, is_deleted,
                            region_number)
VALUES (6, 'Olya', 'Lewis ', '37', 25, 6, '2023-05-26 22:41:56.000000', '2023-05-26 22:41:57.000000', false, 5);
INSERT INTO public.doctors (id, name, surname, office, id_user, id_specialization, created, changed, is_deleted,
                            region_number)
VALUES (7, 'Katya', 'Morgan ', '75', 26, 6, '2023-05-26 22:41:58.000000', '2023-05-26 22:41:58.000000', false, 6);
INSERT INTO public.doctors (id, name, surname, office, id_user, id_specialization, created, changed, is_deleted,
                            region_number)
VALUES (8, 'Katya', 'Florence ', '31a', 27, 7, '2023-05-26 22:41:59.000000', '2023-05-26 22:42:00.000000', false, 7);
INSERT INTO public.doctors (id, name, surname, office, id_user, id_specialization, created, changed, is_deleted,
                            region_number)
VALUES (9, 'Katya', 'Campbell ', '31', 28, 8, '2023-05-26 22:42:01.000000', '2023-05-26 22:42:01.000000', false, 1);
INSERT INTO public.doctors (id, name, surname, office, id_user, id_specialization, created, changed, is_deleted,
                            region_number)
VALUES (10, 'Ira', 'Bronte ', '54', 29, 9, '2023-05-26 22:42:02.000000', '2023-05-26 22:42:03.000000', false, 2);
INSERT INTO public.doctors (id, name, surname, office, id_user, id_specialization, created, changed, is_deleted,
                            region_number)
VALUES (11, 'Ira', 'Bell ', '85', 30, 10, '2023-05-26 22:42:04.000000', '2023-05-26 22:42:04.000000', false, 3);
INSERT INTO public.doctors (id, name, surname, office, id_user, id_specialization, created, changed, is_deleted,
                            region_number)
VALUES (12, 'Ira', 'Adams ', '90', 31, 11, '2023-05-26 22:42:05.000000', '2023-05-26 22:42:06.000000', false, 4);
INSERT INTO public.doctors (id, name, surname, office, id_user, id_specialization, created, changed, is_deleted,
                            region_number)
VALUES (13, 'Irina', 'Mihno', '135', 32, 12, '2023-05-26 22:42:07.000000', '2023-05-26 22:42:08.000000', false, 5);
INSERT INTO public.doctors (id, name, surname, office, id_user, id_specialization, created, changed, is_deleted,
                            region_number)
VALUES (14, 'Irina', 'Ivanova', '15', 33, 12, '2023-05-26 22:42:09.000000', '2023-05-26 22:42:09.000000', false, 1);

INSERT INTO public.l_doctors_schedules (id, doctor_id, schedule_id, created, changed)
VALUES (3, 2, 2, '2023-05-26 22:54:39.000000', '2023-05-26 22:54:40.000000');
INSERT INTO public.l_doctors_schedules (id, doctor_id, schedule_id, created, changed)
VALUES (4, 3, 3, '2023-05-26 22:54:41.000000', '2023-05-26 22:54:41.000000');
INSERT INTO public.l_doctors_schedules (id, doctor_id, schedule_id, created, changed)
VALUES (5, 4, 4, '2023-05-26 22:54:42.000000', '2023-05-26 22:54:43.000000');
INSERT INTO public.l_doctors_schedules (id, doctor_id, schedule_id, created, changed)
VALUES (6, 5, 5, '2023-05-26 22:54:44.000000', '2023-05-26 22:54:44.000000');
INSERT INTO public.l_doctors_schedules (id, doctor_id, schedule_id, created, changed)
VALUES (7, 6, 6, '2023-05-26 22:54:45.000000', '2023-05-26 22:54:45.000000');
INSERT INTO public.l_doctors_schedules (id, doctor_id, schedule_id, created, changed)
VALUES (8, 7, 7, '2023-05-26 22:54:46.000000', '2023-05-26 22:54:47.000000');
INSERT INTO public.l_doctors_schedules (id, doctor_id, schedule_id, created, changed)
VALUES (9, 8, 2, '2023-05-26 22:54:48.000000', '2023-05-26 22:54:48.000000');
INSERT INTO public.l_doctors_schedules (id, doctor_id, schedule_id, created, changed)
VALUES (10, 9, 3, '2023-05-26 22:54:49.000000', '2023-05-26 22:54:50.000000');
INSERT INTO public.l_doctors_schedules (id, doctor_id, schedule_id, created, changed)
VALUES (11, 10, 4, '2023-05-26 22:54:51.000000', '2023-05-26 22:54:52.000000');
INSERT INTO public.l_doctors_schedules (id, doctor_id, schedule_id, created, changed)
VALUES (12, 11, 5, '2023-05-26 22:54:53.000000', '2023-05-26 22:54:53.000000');
INSERT INTO public.l_doctors_schedules (id, doctor_id, schedule_id, created, changed)
VALUES (13, 12, 6, '2023-05-26 22:54:54.000000', '2023-05-26 22:54:55.000000');
INSERT INTO public.l_doctors_schedules (id, doctor_id, schedule_id, created, changed)
VALUES (14, 13, 7, '2023-05-26 22:54:56.000000', '2023-05-26 22:54:56.000000');
INSERT INTO public.l_doctors_schedules (id, doctor_id, schedule_id, created, changed)
VALUES (15, 14, 2, '2023-05-26 22:54:57.000000', '2023-05-26 22:54:58.000000');

INSERT INTO public.visits (id, status, note, price, patient_card_number, created, changed, is_deleted, id_doctor)
VALUES (8, false, 'Disease: Pneumonia, Medications: Amoxicillin, Azithromycin', 32.18, 8, '2023-05-26 23:11:16.000000',
        '2023-05-26 23:11:16.000000', false, 9);
INSERT INTO public.visits (id, status, note, price, patient_card_number, created, changed, is_deleted, id_doctor)
VALUES (4, false, 'Disease: Gastritis, Medications: Omeprazole, Ranitidine', 36, 4, '2023-05-26 23:11:10.000000',
        '2023-05-26 23:11:10.000000', false, 5);
INSERT INTO public.visits (id, status, note, price, patient_card_number, created, changed, is_deleted, id_doctor)
VALUES (1, false, 'Disease: Influenza, Medications: Acyclovir, Paracetamol', 12.9, 1, '2023-05-26 23:11:05.000000',
        '2023-05-26 23:11:06.000000', false, 2);
INSERT INTO public.visits (id, status, note, price, patient_card_number, created, changed, is_deleted, id_doctor)
VALUES (5, false, 'Disease: Asthma, Medications: Salbutamol, Fluticasone', 6.92, 5, '2023-05-26 23:11:11.000000',
        '2023-05-26 23:11:12.000000', false, 6);
INSERT INTO public.visits (id, status, note, price, patient_card_number, created, changed, is_deleted, id_doctor)
VALUES (6, false, 'Disease: Otitis, Medications: Amoxicillin, Ibuprofen', 65.33, 6, '2023-05-26 23:11:13.000000',
        '2023-05-26 23:11:13.000000', false, 7);
INSERT INTO public.visits (id, status, note, price, patient_card_number, created, changed, is_deleted, id_doctor)
VALUES (2, false, 'Disease: Tonsillitis, Medications: Amoxicillin', 24.75, 2, '2023-05-26 23:11:07.000000',
        '2023-05-26 23:11:08.000000', false, 3);
INSERT INTO public.visits (id, status, note, price, patient_card_number, created, changed, is_deleted, id_doctor)
VALUES (7, false, 'Disease: Diabetes, Medications: Insulin', 19.01, 7, '2023-05-26 23:11:14.000000',
        '2023-05-26 23:11:14.000000', false, 8);
INSERT INTO public.visits (id, status, note, price, patient_card_number, created, changed, is_deleted, id_doctor)
VALUES (3, false, 'Disease: Allergic Rhinitis, Medications: Loratadine', 23.1, 3, '2023-05-26 23:11:08.000000',
        '2023-05-26 23:11:09.000000', false, 4);
INSERT INTO public.visits (id, status, note, price, patient_card_number, created, changed, is_deleted, id_doctor)
VALUES (9, false, 'Disease: Migraine, Medications: Ibuprofen, Triptans', 57.45, 9, '2023-05-26 23:11:17.000000',
        '2023-05-26 23:11:18.000000', false, 10);
INSERT INTO public.visits (id, status, note, price, patient_card_number, created, changed, is_deleted, id_doctor)
VALUES (10, false, 'Disease: Gastroesophageal Reflux Disease, Medications: Omeprazole, Domperidone', 11, 1,
        '2023-05-26 23:11:19.000000', '2023-05-26 23:11:19.000000', false, 11);
